,osmid,y,x,start_distance,end_distance,spot_distance,projection_value
0,1529584231,35.664751,139.2873173,0.04921776740230689,6.44281257521461,"[4.516282668781053, 4.740817490264308, 12.246295500302798, 4.6798453406804645, 4.845530831414005, 3.965223485946915, 6.401770095145181, 6.417262013643042, 2.316664874692544, 4.708180857999179, 4.260095712817856, 3.518182459614074, 5.022821478366801, 4.731554206611873, 2.9349446382848083, 5.042265331046587, 5.125666192625336, 5.170834678516814, 1.182819188436283, 5.267234781374281, 3.9719774895193996, 4.780022709557554, 6.492792396037788, 9.858735262691638, 2.592945045842918, 9.518637974627698, 10.224056427968174, 4.7275827049250525, 4.766488278297285, 4.715907143783288, 3.306558583458412, 2.504471647424594, 2.413785230177806]",-7.269725422581593
1,7136895109,35.6682162,139.2905393,0.4418060964092587,6.497533206096231,"[4.290992504576099, 4.5415465802328345, 12.04395261834904, 4.481939019792501, 4.681716014158294, 3.750844156834949, 6.273347628443772, 6.29294715701222, 2.2373255104023624, 4.542046870359598, 4.038501156400797, 3.3038817859006313, 4.814847424223952, 4.53266068995433, 3.106390602246073, 4.828134140598323, 4.909674040881085, 4.952629463594418, 0.7101364710771143, 5.358970196315933, 3.6402777855601527, 4.552612965110342, 6.483364561644916, 9.84101001337781, 2.5174733485417486, 9.424769392736744, 10.204750524988876, 4.5005565887204115, 4.536320145194496, 4.514680083633538, 3.100859299085569, 2.375398244353239, 2.2951834746393316]",-7.270032724757516
2,7136895746,35.6684309,139.2925108,0.5768963688462494,6.391856860898765,"[4.121986533310067, 4.376538486152727, 11.87605670347532, 4.317219711566956, 4.523056819942198, 3.584117924307246, 6.120484508947229, 6.140935632058984, 2.1055810771797514, 4.383088623073723, 3.8702951259971816, 3.1377932658186642, 4.648163335379489, 4.367725183330656, 3.048970343169938, 4.660452424807252, 4.7416440340121095, 4.784227826333765, 0.5616968554857599, 5.266558017494778, 3.4606755836897203, 4.3830861318619645, 6.359141323623734, 9.712478906886961, 2.3849038782119636, 9.27785437613948, 10.075664164276255, 4.331124782901752, 4.366396338715792, 4.34936291012862, 2.9366413471944863, 2.229939363430384, 2.152776385276886]",-7.270120333300401
3,9828176322,35.6621995,139.2941058,0.6430155688783766,5.798436599292085,"[3.878782447731939, 4.089539794568025, 11.588925210380676, 4.02814364910369, 4.1809487770685925, 3.324288618493666, 5.727996236932509, 5.742927679586811, 1.6412048516028253, 4.04455804729312, 3.6216501252147224, 2.8798840205010507, 4.3747225576895765, 4.080136694877393, 2.365390149931518, 4.397081677097691, 4.481174736564724, 4.527335308972211, 1.1276568960132365, 4.6410889835444324, 3.4283653980603885, 4.142690658458167, 5.825802121607762, 9.190861286905655, 1.9166956499584686, 8.841915932572654, 9.555890908773632, 4.090228768630201, 4.130770539399131, 4.0655732079441975, 2.6651090287700234, 1.8377806751872325, 1.7448648719382915]",-7.2698536625141985
4,2555466511,35.6606575,139.2823946,0.6812784737209184,6.506035918426007,"[4.932370053335159, 5.126845833019412, 12.605013722451108, 5.065022289666349, 5.191459420351828, 4.376310497062889, 6.693658595600935, 6.70420432967086, 2.628503123323044, 5.05820415718949, 4.675066030000014, 3.935821455368672, 5.415607933262254, 5.117267821695436, 2.9021311432447394, 5.441540192284506, 5.526243728147317, 5.5734299103038145, 1.8189991316767888, 5.29321408174777, 4.49815447209862, 5.1958155346443675, 6.638569222973687, 9.99733650818542, 2.8883086184160103, 9.753798266787474, 10.363448142833679, 5.143450877248729, 5.185321345359011, 5.104304275854836, 3.7192101013495766, 2.86056438305527, 2.7626617372074764]",-7.2693191946691975
5,1457051034,35.6603197,139.2823306,0.7117709770859623,6.488804036291599,"[4.937804820045626, 5.129998812309794, 12.604967801090513, 5.0681395073392705, 5.191768656989626, 4.381637882358216, 6.689852718393829, 6.700073336927336, 2.628724690323174, 5.058851983736994, 4.6805311249016555, 3.941894273811817, 5.419139255360207, 5.120402069058349, 2.8820111391037386, 5.445535969514686, 5.530305804965694, 5.577624601663828, 1.849512429468595, 5.2744207594463095, 4.512777270697421, 5.201123976718738, 6.625856576576201, 9.983619772295265, 2.887058737360908, 9.745830799796856, 10.349734837789283, 5.148784827690583, 5.190861654490462, 5.1076369992225095, 3.725068827220362, 2.863342064289462, 2.7650974972338718]",-7.269298915917134
6,2552340679,35.6606524,139.2952538,0.8216182480350167,5.60511276475869,"[3.768118819149683, 3.966524435445574, 11.45614206312583, 3.904826071446225, 4.043562373620597, 3.2121423346466154, 5.575141954471222, 5.588773870885011, 1.4887689646608537, 3.9085217703398722, 3.5108052290002574, 2.771449455717491, 4.254190467401629, 3.9570043778520647, 2.164977662300859, 4.279077999987596, 4.363640078371209, 4.41057540242311, 1.2808571558755442, 4.443755060488738, 3.378119671233763, 4.031631742233583, 5.642762952176975, 9.008578301473467, 1.7595969613737938, 8.676808107707288, 9.373848483510011, 3.979252333906003, 4.02101644831804, 3.9434806889322314, 2.5548374718552123, 1.7034746696168737, 1.607438740385482]",-7.269816556103503
7,2319842355,35.6678666,139.2967117,0.8689517269735124,6.091736386564877,"[3.737395093284432, 3.994337590932532, 11.491766912576145, 3.935245798802784, 4.146512996804759, 3.2008567596475808, 5.749783042426401, 5.771224060202409, 1.7732861415899466, 4.006289115255957, 3.4861160259699795, 2.7550760139525776, 4.264779952998544, 3.985579699858746, 2.8517123569705327, 4.276481919590197, 4.357481207586977, 4.399875065033945, 0.4733114522843426, 4.99164225752568, 3.0857334861946297, 3.998260553835621, 6.028473979338792, 9.373497011604554, 2.0492612640637375, 8.913600429130753, 9.735749686943617, 3.9463395450104226, 3.9814244265264866, 3.9669404162030455, 2.5554805484507357, 1.873805649688329, 1.8018896461475797]",-7.270253162720763
8,9175849911,35.672948,139.2918167,0.9626063712359033,6.808260121765913,"[4.322258770856284, 4.602270731209098, 12.065486390131376, 4.545089406959204, 4.783335121642482, 3.8045082198536693, 6.4017910135495315, 6.425861698701561, 2.484108626853736, 4.642609043270358, 4.078199176444232, 3.3667199195869193, 4.861580996400032, 4.59395989318997, 3.534078052552033, 4.866993451609065, 4.945303983384093, 4.985004368012338, 0.45510799355956116, 5.707567514126906, 3.530611470751106, 4.577746554905342, 6.734600306050836, 10.072210959317198, 2.7575194866187127, 9.577892598997703, 10.433538171443532, 4.526830886416428, 4.558093196970849, 4.57332337366466, 3.179403836732175, 2.565908452408743, 2.500044235460801]",-7.270331523868382
9,1457048695,35.6594819,139.2794019,0.9716597050524134,6.6540451506039116,"[5.203311680374528, 5.389560346631004, 12.853562890105406, 5.3276194756591195, 5.44272912280815, 4.647035052150656, 6.925388065627176, 6.934298085980414, 2.881202530948451, 5.310954120043203, 4.946173390500526, 4.209154568485811, 5.679665038908555, 5.379914269966469, 3.032996718520907, 5.707302437723418, 5.792228138817431, 5.839884850166102, 2.1060417630322443, 5.430052417127539, 4.792698134574388, 5.466268251077115, 6.8187273079036315, 10.169436953730749, 3.134431540976957, 9.962353710936497, 10.5354818873386, 5.414002044399905, 5.45656387568493, 5.367701562029211, 3.9919223739306253, 3.123009314330038, 3.023918776670482]",-7.269141427923017
10,5274683348,35.6677929,139.299783,1.1289505414561376,5.907935827803508,"[3.4654639746399227, 3.726974898308667, 11.220029191071221, 3.6682773303748983, 3.8872929492375143, 2.93189975383464, 5.496997489768223, 5.519571387281455, 1.5744471217182539, 3.7468096255279804, 3.215197166462653, 2.487369157760582, 3.9952767066707646, 3.7183118053745816, 2.769679274826296, 4.0058346854957625, 4.08641915051657, 4.128392844226652, 0.5545876648379926, 4.832149747905583, 2.8095391181428013, 3.725683078242271, 5.816567927131725, 9.151810448808241, 1.8437003244267607, 8.6670185215109, 9.51306567799793, 3.6738780081354734, 3.708434457399654, 3.699214243273934, 2.2906644184714575, 1.6454448129333414, 1.5806374400320182]",-7.2703681330652605
11,2319764195,35.6682517,139.2997828,1.144413031215395,5.947781125987692,"[3.478442925613578, 3.743295041812588, 11.232648490294793, 3.684863157332824, 3.9080505430892947, 2.947348255083014, 5.520281415153867, 5.543297377194708, 1.613506003131724, 3.767475834909326, 3.229081444642243, 2.5038521630199115, 4.01007709952322, 3.7346950673142403, 2.8193585841405495, 4.019769243959971, 4.100010188845909, 4.141632408275825, 0.5110075946174422, 4.875424660528027, 2.805113940914456, 3.7380331310973407, 5.851384243864641, 9.184203269315104, 1.8811934570080386, 8.692359515401144, 9.545204838077282, 3.6863435870340715, 3.7204013839280217, 3.715302594900969, 2.309054302213217, 1.6780901430723154, 1.615129125686041]",-7.270392304079829
12,1457047042,35.6581122,139.298308,1.2120294387395913,5.210673861499932,"[3.4976331211540543, 3.6731459455964224, 11.137802985683406, 3.61115135100418, 3.725121577469113, 2.9421478732946857, 5.22905489892784, 5.2406919224666195, 1.1626196572099772, 3.5927814717469393, 3.2413425811285483, 2.5119476595254437, 3.9641527833884123, 3.663456110344614, 1.789486783916188, 3.9934005630982954, 4.078505430641596, 4.126651168810853, 1.5620193965336344, 4.049321214666518, 3.223835501912925, 3.759242081912173, 5.256199702680438, 8.622327425273681, 1.4199403291212211, 8.311345367483714, 8.987810345011349, 3.707233846233337, 3.7510162541647905, 3.6518145205833306, 2.294140172091533, 1.4092636959963902, 1.3090846269023044]",-7.26980088018665
13,1457042171,35.6564753,139.2784544,1.2630246494232944,6.548523438332355,"[5.303668603138854, 5.470337708378048, 12.895564720761474, 5.408310319749754, 5.499338397315049, 4.748592696681936, 6.941919307367879, 6.9479436327515485, 2.954464645861068, 5.370924598319853, 5.047682911999987, 4.318749145556824, 5.76268223996628, 5.460567695128751, 2.9244213532175443, 5.794126222430732, 5.879360654667091, 5.927992883880664, 2.4000034766554896, 5.314142925529218, 4.968029543597578, 5.564741195655653, 6.755209733520771, 10.090074368328787, 3.1927805445302924, 9.936214100704932, 10.455692808637814, 5.512847097232812, 5.556985640586465, 5.450055992006684, 4.100928396398849, 3.2139018703260525, 3.1131260679209225]",-7.268946313425968
14,1457028660,35.6528267,139.28728,1.3411871385678555,5.6551335239764,"[4.5607108580329525, 4.696149339761546, 12.058764683719547, 4.63441795160365, 4.692641639423672, 4.012927391821197, 6.088804317637365, 6.092404934638815, 2.2039895931670923, 4.5691522978925105, 4.3088895825547056, 3.602362497828356, 4.98986818185287, 4.686266223033961, 2.0300371923862577, 5.026682744352675, 5.111857004654079, 5.161643370451314, 2.3070452625970095, 4.423194358072124, 4.377610402426249, 4.816705965625699, 5.8609810999075105, 9.19419168420911, 2.412967971005034, 9.052648150636196, 9.559809693575362, 4.765792451657203, 4.812124019893696, 4.678290007435073, 3.3868500379900044, 2.4862430051589115, 2.3852952681499695]",-7.269095568671625
15,1457028645,35.6528065,139.286415,1.3485851400587645,5.720935765570708,"[4.63822953068264, 4.774290933644052, 12.136575759944233, 4.712551909236333, 4.7710034578103, 4.0901714509020515, 6.166110596822671, 6.169585112956023, 2.2810856890707405, 4.647514492596168, 4.386267924610551, 3.678911987325418, 5.068005767446757, 4.764408860742961, 2.0965625798583742, 5.104741801148089, 5.189921812578591, 5.239692545275146, 2.3393207780004803, 4.48753280321638, 4.449013547018362, 4.894372894716995, 5.932228898536215, 9.26317902850392, 2.4909352820477295, 9.126981304612285, 9.62871867726456, 4.843431842754159, 4.889717332909772, 4.756395440506399, 3.4632487734551605, 2.5627110049609576, 2.4617055142724356]",-7.269061030033438
16,298712306,35.6584819,139.3005598,1.355524075601336,5.091670085645592,"[3.291712362591216, 3.4707029004824737, 10.942649568585244, 3.4087420972379965, 3.5290029004843153, 2.7359792664179685, 5.04481264231539, 5.057537903349628, 0.9662229829620262, 3.3957726179575625, 3.0352303320538345, 2.304719458896663, 3.761185927376289, 3.46104227188873, 1.7537367973803837, 3.7896927951249357, 3.8747340500090766, 3.9226998336257273, 1.5534839701566665, 3.9485528601225113, 3.021783587951118, 3.553611895997435, 5.110501003600892, 8.475644489795101, 1.2302136812007871, 8.140074388745996, 8.840712624909536, 3.5015461550963183, 3.545114902650645, 3.4490389937200185, 2.08689812613313, 1.2049613967778228, 1.1053219635974623]",-7.269907504383422
17,4135434134,35.6635684,139.3030064,1.3824534546153013,5.360000847197499,"[3.0902507303882243, 3.3214907705606382, 10.828824776893798, 3.260984099009122, 3.445773844837966, 2.5405299849279923, 5.032437041304323, 5.051935810357015, 1.0317843025948181, 3.306668180194517, 2.8343896720888075, 2.0930012592125107, 3.600775811082922, 3.312362931062459, 2.2554615903690265, 3.6185537995855923, 3.7015747182807606, 3.7462938197811604, 1.1065490762817174, 4.279992228530826, 2.611430372134602, 3.3538770557048925, 5.28554404642652, 8.630662725416727, 1.3064840860509608, 8.185533268549948, 8.993050342233188, 3.3014556344320183, 3.3401050874735287, 3.2958232591968355, 1.8830361860572065, 1.1372023237279127, 1.0613658124455811]",-7.270270242325385
18,7137195991,35.6562937,139.3006995,1.5072758804200355,4.914691737498068,"[3.3009140787483333, 3.4569164422518304, 10.894574841111352, 3.394904082318956, 3.488200350289009, 2.7489783590639987, 4.967737285661313, 4.977820787092709, 0.9428126677517278, 3.358452310693438, 3.0467776345602178, 2.3312849063747265, 3.7496739800969903, 3.447122162780546, 1.5201526122128146, 3.7823632308854553, 3.8676413457733148, 3.9166179059249604, 1.7934864860833926, 3.754741468571187, 3.1231835558087897, 3.5598338583661024, 4.964636052697989, 8.33071646589042, 1.1792176111744146, 8.034201609329621, 8.696319840202285, 3.508338665784731, 3.553587066957902, 3.4370656806008406, 2.114873550215851, 1.215439832354563, 1.1141634264320126]",-7.269797592434518
19,1457025184,35.6515321,139.2924233,1.5411890132007349,5.184290236929881,"[4.1335165232733395, 4.252232400547177, 11.582343584265907, 4.190840724905191, 4.232765674796948, 3.5924307095691765, 5.6083394016829065, 5.611142537504917, 1.7947426450472492, 4.111899407348614, 3.8850788287116433, 3.195752697498357, 4.5458082075176085, 4.242321846260104, 1.5607880443064581, 4.5852143386472966, 4.670126905560357, 4.720358684919522, 2.3188881840109374, 3.957805519275489, 4.036870432162847, 4.385843113296398, 5.3764694157823225, 8.714066915475765, 1.9803781928443753, 8.565240345861588, 9.079845645334833, 4.335627281515797, 4.382934620003701, 4.235658388848463, 2.983587194765759, 2.086798744080228, 1.9877375870609193]",-7.269226380644178
20,7136995380,35.6553554,139.3007419,1.5781854174132885,4.841741617933782,"[3.3118910279896494, 3.4578124630952543, 10.87713235808405, 3.395873280636466, 3.4773529974752826, 2.7626559929692736, 4.9395306953669, 4.948445499055585, 0.9533663718380613, 3.349318327042131, 3.0592040611709774, 2.351832890124176, 3.7511402313957833, 3.4479755180485223, 1.4215546971420785, 3.785583396243206, 3.8708578379767755, 3.92020942151542, 1.8963392883060985, 3.6744974668572987, 3.1727367512199693, 3.5691463522034517, 4.905799782141452, 8.271321575701824, 1.173795244424482, 7.992115547763366, 8.637101731900078, 3.5179684019446915, 3.5638669813350923, 3.438771536284086, 2.1367793718419725, 1.2361818770325481, 1.1355327152863461]",-7.269749784847588
21,4135537382,35.6586067,139.3034944,1.5815292497153106,4.916396100033059,"[3.0256217026718186, 3.205824446798969, 10.68254723251282, 3.143888031487531, 3.2687994873646717, 2.4699008060898726, 4.795298628130389, 4.809113099251414, 0.7091501185119828, 3.134852194704545, 2.7691477855610143, 2.0391200682690416, 3.4960040326186386, 3.1961812618312972, 1.7045647124102872, 3.524156354283326, 3.6091672550449614, 3.6570570325725202, 1.620432040782335, 3.7980303926139536, 2.7779534307690823, 3.287531768306115, 4.9034602281279565, 8.265424564798039, 0.9800861598791356, 7.903024641919861, 8.629899918725965, 3.2354619592469565, 3.2790241596022995, 3.1839774902440428, 1.821313152178576, 0.9394376644926266, 0.840178076807203]",-7.270027645606925
22,1457048962,35.6596726,139.3069244,1.8241536918467804,4.800807302603462,"[2.7111043676481903, 2.904221838789865, 10.39663597883932, 2.842509169367437, 2.9869473708438767, 2.1548305811026776, 4.540842601426872, 4.557267771641605, 0.47859813700910614, 2.8507570747523787, 2.454012861346581, 1.7188036623160288, 3.192176834082405, 2.8946951101969858, 1.8009696809498406, 3.2177162755718816, 3.302410442918246, 3.349613762473036, 1.6616076275364657, 3.7261792268828975, 2.448277297771339, 2.9740277895601257, 4.734446930774942, 8.085450517153088, 0.7578221952320277, 7.672971463498343, 8.448567207483238, 2.9217612840130593, 2.9643899828252342, 2.8812649941837636, 1.501139006594034, 0.6437807920466146, 0.551248952569398]",-7.270216553965926
23,1793257576,35.6519763,139.3017993,1.912858578631013,4.525216011803746,"[3.2989298958707978, 3.406177379817137, 10.740818848175332, 3.3450091339643473, 3.3822610819444967, 2.7654661362156263, 4.774181834154355, 4.778914754603751, 1.008203223146512, 3.2615389240182404, 3.0540194866902195, 2.3861663051945556, 3.699474848737572, 3.3962606087252185, 1.0388871992287678, 3.740185160903945, 3.8248941584974707, 3.875327405371754, 2.2827538443958395, 3.337514417401352, 3.3067532416041248, 3.5479109029299933, 4.634747986695477, 7.994214994881665, 1.1525668644696068, 7.772657820390621, 8.36031090222204, 3.498302748595443, 3.546275779613368, 3.3902881922708383, 2.18010447821203, 1.3058935187308949, 1.2136764750312468]",-7.269612625986676
24,1793257520,35.6514361,139.3021892,1.981210046762853,4.460049187360921,"[3.2819222241929924, 3.3822953381720944, 10.700236985763562, 3.3213388589879314, 3.350985776642195, 2.752146464972586, 4.730341807765884, 4.734413630965153, 1.0143204648041357, 3.2316521019207034, 3.0387549269052583, 2.3793728199596016, 3.675247062934674, 3.372377349860801, 0.9697565943151538, 3.716993571339884, 3.8015178566957406, 3.852087333386838, 2.348661806319191, 3.270325662483381, 3.3162701559016887, 3.5291296423101226, 4.575287240959671, 7.933473810676194, 1.142885213369296, 7.7198455185446955, 8.299582208669568, 3.4798565434214312, 3.528133232820261, 3.366970524463618, 2.1755551959428523, 1.3110120657679716, 1.2212362637120706]",-7.269599245951698
25,3963825169,35.6587738,139.3085351,1.994746110646151,4.6314818568690574,"[2.568848704775157, 2.7510678708445093, 10.235598638823323, 2.6891887324037516, 2.8233719492123877, 2.0132162436160748, 4.369494288745784, 4.385388725441187, 0.30255948647900627, 2.6880693394565975, 2.312438788954451, 1.584005943339889, 3.0406401467583617, 2.7414597408756385, 1.7106030871736784, 3.068150400953667, 3.1531039135589065, 3.200860719111511, 1.8266820224545082, 3.5665486287954993, 2.373131714707937, 2.8307181758071844, 4.558750197069071, 7.909013529371988, 0.5812282758944909, 7.498103201152617, 8.272079618140214, 2.7786516482731187, 2.8222479332626045, 2.7288747221537095, 1.3663246496289616, 0.4843580993729281, 0.3869944909930001]",-7.270231518697384
26,5365057344,35.6829285,139.2886624,2.0010383118737307,7.852586960318381,"[5.048428445613147, 5.364729158497469, 12.683482154059377, 5.312514715172372, 5.599968574172044, 4.580079511347277, 7.230951442740994, 7.261006986100362, 3.5203056147334664, 5.460756653689537, 4.824480376276893, 4.171422056518514, 5.596967644120274, 5.357465901106224, 4.669907140301247, 5.5902606809374795, 5.661758571900472, 5.695492818159594, 1.4035786963394097, 6.789930781175828, 4.055743794221166, 5.287264115946213, 7.716822741746194, 11.015151009261658, 3.7802767332142, 10.417689923039596, 11.37223236886653, 5.239510478829249, 5.262945215622312, 5.333451118778204, 4.012666816927679, 3.5498232005635915, 3.499751887352811]",-7.270735429794085
27,2249012603,35.6520413,139.3041957,2.057810356958692,4.363865765634287,"[3.0885568296783905, 3.19128293918096, 10.525452714299183, 3.1302167166908474, 3.165192482443365, 2.558431033361864, 4.561070330358152, 4.5663406012908, 0.8312752649173053, 3.0446452702187314, 2.8451430981496406, 2.186609691491278, 3.4844264217236165, 3.181365111109111, 0.9769188969496552, 3.5256552728096056, 3.6102713680754777, 3.660777160972607, 2.3290601884824964, 3.19206018715566, 3.1333721661824643, 3.3361629418879697, 4.448743730304313, 7.811651945079756, 0.949721440280093, 7.570293248002402, 8.177654522872407, 3.286803002519388, 3.335008660546906, 3.175677633749464, 1.9836021437494888, 1.1260210296127842, 1.0388312733908254]",-7.269708788282974
28,1980447742,35.6706778,139.3095913,2.0720300575883677,5.673921522054768,"[2.7362981135905273, 3.0408642148512843, 10.451102297324192, 2.987174937948339, 3.2681842993537753, 2.250853492532787, 4.899211968750781, 4.92917520427032, 1.5233034416215236, 3.128927349424726, 2.5036410938030085, 1.8397927243607968, 3.2831202540997726, 3.033289977437033, 3.0344010680248936, 3.2815703721062817, 3.3564962281291204, 3.3932793877202694, 1.17436156743497, 4.724785811859489, 1.909119156534605, 2.9839656093685694, 5.4497356782059585, 8.706308057654406, 1.7070301676912552, 8.08606813613686, 9.060642966147824, 2.9344383920628356, 2.961937640019765, 3.010152896823613, 1.6865139640385407, 1.4139796043605606, 1.4066076688904932]",-7.270899732576683
29,7037914176,35.6441834,139.2864488,2.3026517069306895,5.288665741470783,"[4.892901541910723, 4.9621282977699375, 12.085256302749322, 4.902707428373098, 4.882763130732205, 4.37567399319186, 6.108417370042458, 6.102768272816595, 2.645060823577387, 4.775091541181549, 4.656201999537816, 4.014285433901491, 5.25133943882263, 4.952268093347867, 1.8200083155445141, 5.298592985874327, 5.381661577890287, 5.432715611719262, 3.238092610860148, 4.045698449751308, 4.9380960606864654, 5.132470672987395, 5.627853929369904, 8.873844636472668, 2.7770428945772627, 8.895697506309252, 9.23581875823019, 5.084733414624821, 5.134038057947703, 4.949916273013371, 3.8120523140674574, 2.9428329960508526, 2.8496990335950754]",-7.268607900776851
30,1457060859,35.6635324,139.3132712,2.3089177809804107,4.821079628817564,"[2.1707174665144535, 2.4199127639363787, 9.92136079836775, 2.3607185447437735, 2.5796882883131826, 1.628052869537926, 4.196256896501165, 4.220605254152269, 0.7513600622699451, 2.4390514952071456, 1.9168611123677386, 1.181201226585973, 2.692053015667949, 2.4111243723208835, 2.3110908974247595, 2.7056818317545934, 2.787525438834534, 2.8309242549821687, 1.7747813436676436, 3.865529996827304, 1.7416864852354017, 2.4334136857038873, 4.626230010780528, 7.918506286705762, 0.8740779516304836, 7.374520341876735, 8.276329949137324, 2.3811502553054877, 2.418316689393074, 2.3926752741738797, 0.9812735801724076, 0.569713672140165, 0.5859714731228518]",-7.2706655762537835
31,10279880439,35.6662171,139.3138592,2.361562171122793,5.05355502910036,"[2.192312548471632, 2.473246262399432, 9.942666283199609, 2.4167788490480557, 2.673383302129837, 1.675761439927752, 4.302572397006844, 4.330403903152469, 1.0530622428729253, 2.5330540689913295, 1.947355701086697, 1.2448645224846182, 2.730736312219375, 2.465082719016114, 2.6125854581795642, 2.7364951417992933, 2.815239807202621, 2.8555075490304724, 1.6829158680353238, 4.1294929767119015, 1.58578613351286, 2.4494239552651065, 4.821831784588109, 8.08387166699298, 1.1711850062870675, 7.488646483075333, 8.439113690718724, 2.3981501675067047, 2.430705100034516, 2.4439097051106344, 1.0742471004274114, 0.8650323053620327, 0.8876022143135566]",-7.270829814557366
32,3997375809,35.6443542,139.2975242,2.4435752599993976,4.384603577663346,"[3.9651492553699557, 4.0066868771369775, 11.082502518980009, 3.94864731390805, 3.904447517387476, 3.470531264042373, 5.105176377813652, 5.099559405364477, 1.864182703457147, 3.801823187138406, 3.7387117996100776, 3.1451281276916565, 4.291941344371127, 3.996923435093449, 0.8213199098807341, 4.342481347469619, 4.424184464121737, 4.475312751545525, 3.082876942518263, 3.1427302900346166, 4.153241158163764, 4.194875468626423, 4.665432276819505, 7.953435363581875, 1.928658771870385, 7.916797087814727, 8.317582511537486, 4.148976688004776, 4.199050927725429, 3.9966410890269506, 2.9571136458833522, 2.1508316427599916, 2.070652306428921]",-7.269045501969241
33,1457030546,35.6534902,139.3111354,2.4615374369706235,4.031018433264208,"[2.4405869838788585, 2.544528894035459, 9.917715335095084, 2.483283598765398, 2.531467561808482, 1.9142181929010882, 3.9759292838804123, 3.9850777598315097, 0.38968180666184277, 2.407632500127578, 2.198502346410237, 1.5574998083712712, 2.837950277104166, 2.534613734472629, 1.190315839019792, 2.878295681050226, 2.9630441982932196, 3.013443079855105, 2.4446895881718484, 2.941840813473215, 2.5646030529985198, 2.6875548901901167, 4.009474553219474, 7.372837532047036, 0.3346038629781034, 7.041852021342809, 7.737592465607516, 2.638263377576708, 2.686547552632681, 2.5284468231126414, 1.363389564665189, 0.6003608499814248, 0.5501672039373717]",-7.270053700440404
34,2218742418,35.6477733,139.3064697,2.5423809953189807,3.9038977343465424,"[3.070746301338177, 3.1151893811171854, 10.285097943797249, 3.0567161501721314, 3.026343957498432, 2.5803654068835447, 4.3024499933735125, 4.301831313036657, 1.105620348988487, 2.9193190747070923, 2.8455346179148604, 2.2703760105289206, 3.4019394377622802, 3.1053915682892748, 0.48037159188120043, 3.4513503044983755, 3.5335423327766504, 3.5846666022501696, 2.8425886963313522, 2.7091198160087417, 3.3179331092134716, 3.30043495130428, 4.046064141136443, 7.395647649908996, 1.0930295952775801, 7.226950973084937, 7.761724316084587, 3.254453710563668, 3.3045108695916414, 3.1045187693591383, 2.091798040400008, 1.3580461796625907, 1.2963624823770892]",-7.269571864851956
35,2526202949,35.6502846,139.3095359,2.548810940066791,3.8749140652416707,"[2.701234412872389, 2.7649831732740977, 10.0265121434347, 2.7053517534102, 2.702993704796005, 2.1996135812215463, 4.0537059874231645, 4.057389436953166, 0.7582327056703355, 2.589164278304295, 2.470544954897687, 1.8793999625460285, 3.055001846832317, 2.7551096004944227, 0.8065085675204152, 3.101409634977022, 3.1847205466709227, 3.23573175534326, 2.6866160347834445, 2.7307830746406805, 2.9254254946348492, 2.9368516230403423, 3.932969951831953, 7.2976708456228145, 0.7057728806482189, 7.0493409617375455, 7.663547542747295, 2.889707290751193, 2.9393308836883305, 2.7524353120746334, 1.6988763146795651, 0.9842267892287864, 0.9326938394807687]",-7.269822867302287
36,1457012430,35.6477175,139.3071571,2.5886915355758022,3.8510514839518457,"[3.017885370138799, 3.058785630433987, 10.222608150203408, 3.0004992614404458, 2.966993395718636, 2.530929057682847, 4.239930982049304, 4.239287075105288, 1.0895260237261644, 2.8606141128629976, 2.794158721272518, 2.2265957402770002, 3.3450032036074235, 3.049001722105029, 0.47760940796457707, 3.394816367668136, 3.476831204915326, 3.5279594955481492, 2.8683319945890235, 2.6602581877558205, 3.2818653146216454, 3.2462293881296813, 3.9872685256067846, 7.338239247037363, 1.0620550414455017, 7.16554627617605, 7.704331440247487, 3.200494832050736, 3.2506271070211237, 3.0483936600237773, 2.0507141884411824, 1.333955504198791, 1.2759028513413573]",-7.269595525458862
37,4828596175,35.6566412,139.3147192,2.6020466996136102,4.106692532058899,"[2.0403471477629163, 2.1868037242910146, 9.64432573137814, 2.1247915196399902, 2.2307330872916147, 1.495563926704036, 3.762501756154542, 3.777988026908534, 0.3324114481903034, 2.0978839347751985, 1.7895536700617534, 1.106839908976389, 2.479603309990127, 2.177009682261349, 1.6416050159726974, 2.5127822375163107, 2.598066515391161, 2.647222228065051, 2.367149885395145, 3.105930576731863, 2.0876312197699955, 2.296246431434921, 3.983642807667373, 7.322082476967415, 0.14260706750920488, 6.891178982366697, 7.684128310916155, 2.245272138379259, 2.291583157043997, 2.1670119840052346, 0.9025940109749847, 0.2119981186336507, 0.25281214894306986]",-7.270358445354043
38,2526202961,35.6485652,139.3098196,2.6932446742028926,3.726753182000687,"[2.760447287547301, 2.8000210118900974, 9.987223110705415, 2.7417033991083755, 2.711192613092451, 2.277630887227294, 4.006651183021128, 4.007626086551113, 0.9429628761494631, 2.6036564843261534, 2.538232683085919, 1.983952549077261, 3.0864096572582747, 2.790234254203672, 0.6418286799060998, 3.136083922087122, 3.2181519057627397, 3.269279170183771, 2.8704339753604553, 2.566131428651082, 3.056328076677995, 2.9878603763783014, 3.8158692232619993, 7.176395082929016, 0.8622372649630846, 6.963607955041798, 7.542463828781397, 2.9422621078605267, 2.9924362038205605, 2.7895878544726855, 1.8145323028942706, 1.1532721088938855, 1.1090054108115979]",-7.269743233674179
39,2686683639,35.6652047,139.3179834,2.730714763986324,4.78426581771793,"[1.8025175884456177, 2.0867641742959995, 9.552899546264891, 2.0309325113506436, 2.2980184690142615, 1.2902920751769655, 3.9289190945339896, 3.9581646356370683, 1.1043573833932496, 2.1582989717993266, 1.5583871317008697, 0.8681738127322375, 2.3418436876789563, 2.0787328004226127, 2.627965795725549, 2.346948551296556, 2.425499279413448, 2.4656435167756325, 2.0709977493448726, 3.9198501079653796, 1.276719024709211, 2.059478787382287, 4.508171222952895, 7.739825641941141, 1.1276092779360074, 7.115880403748275, 8.092989266726324, 2.008208725096244, 2.0407935855421386, 2.057090828445701, 0.7174287065167863, 0.8399497406357483, 0.903240832903525]",-7.270936060947628
40,2265808501,35.6459568,139.3090787,2.850292991948366,3.5937019474009815,"[2.962200103074411, 2.972916773695662, 10.040463489675995, 2.9165873513526863, 2.850383376101724, 2.502688577023739, 4.058192769996635, 4.054906785287785, 1.2387557122580324, 2.751977785413611, 2.750695184115595, 2.2363943976748475, 3.25311563664116, 2.963299179419468, 0.36230125030998983, 3.306608247472325, 3.3867118655391306, 3.4377357001434365, 3.1116452053894097, 2.3991909817125916, 3.327760882022623, 3.178923658929232, 3.7468822459338997, 7.0915508589376115, 1.155264143244644, 6.943935558845706, 7.4575693488672155, 3.13537210064966, 3.1859379030687522, 2.9651431311153384, 2.077411574419287, 1.449279382459783, 1.406064214062434]",-7.269577099397382
41,2681806899,35.6626277,139.3194216,2.871929972079349,4.470114100298383,"[1.6048514154980915, 1.8588757584695315, 9.356363537801107, 1.8003983221704776, 2.0376858346879962, 1.0640535363293497, 3.6642670967611783, 3.691248308885355, 0.980209609497509, 1.897045922729494, 1.3511754900603328, 0.6193964930206513, 2.1280001980712635, 1.850254360838124, 2.42787562706997, 2.140542007993362, 2.2221278380130944, 2.265310360521571, 2.3083000039841632, 3.6120288495881843, 1.3222106763113555, 1.8675884036766475, 4.200045598222522, 7.445401403935496, 0.9304915143655055, 6.849205506329774, 7.799913616396506, 1.8153115258674308, 1.8526452187844398, 1.831016406458706, 0.43360028887650737, 0.6862126730134198, 0.7729847621413659]",-7.270855909089643
42,318274480,35.644139,139.3082833,2.9565168251374545,3.5337383570162713,"[3.132698012014976, 3.1269024314405076, 10.107852350319787, 3.071914177768882, 2.9847831293101468, 2.686939361636758, 4.131720466283568, 4.125553527526985, 1.4494018041517058, 2.892298791326611, 2.927623531181935, 2.4347750827081702, 3.4026047313448453, 3.1174146972430794, 0.17701404039471286, 3.4582147802681464, 3.536939499393089, 3.5877704975062326, 3.27701728397231, 2.3178751172755483, 3.533810862348876, 3.3428331967178706, 3.735715526231765, 7.061791040696287, 1.3693634375068011, 6.9622562780844905, 7.427407374239651, 3.3005591417158464, 3.351225548128563, 3.1207021524251477, 2.280765659460269, 1.6633033771550272, 1.6192379306685576]",-7.269450520668974
43,1568711735,35.642886,139.3066115,2.9770897350896828,3.586226908166623,"[3.336255575560527, 3.3260011681068224, 10.258431035677809, 3.2714703987035114, 3.1766508281122414, 2.8924126346386427, 4.2895823040431145, 4.28157798466217, 1.6175264558020455, 3.086651592237528, 3.1323540344858936, 2.6390654557885003, 3.60003360855496, 3.316560408574172, 0.0624165628531322, 3.656356489760908, 3.734564279475609, 3.7853037060795223, 3.3657560633484556, 2.354954360367598, 3.7347999608380884, 3.5447773116737022, 3.8316594439178955, 7.1369082331324085, 1.5560860631551183, 7.0780034042545505, 7.501895631935574, 3.5028458629166184, 3.5535235546616453, 3.3203075010604546, 2.483240435246725, 1.844592398912159, 1.7952433283646427]",-7.26931979163351
44,1457011869,35.64752,139.3129223,2.980875961624748,3.4413149749039333,"[2.5752638697522343, 2.584179687361011, 9.700059874715283, 2.5277586417609896, 2.4669266732848847, 2.123789003075308, 3.717484844985931, 3.7170687214525735, 1.0652694699976777, 2.3663197196487804, 2.366552746824964, 1.8776591771087465, 2.864900172599665, 2.574552211206352, 0.7350530343639123, 2.918078043255852, 2.9983564512155243, 3.049400600722519, 3.0989643614209488, 2.301079434163082, 2.988327014919317, 2.79046017300461, 3.5138436870290053, 6.875789948672636, 0.9061305012472389, 6.660546860925281, 7.241815099352682, 2.747112900405214, 2.7977037059187326, 2.5762980709423267, 1.7316204797553747, 1.2124800599207146, 1.192538349632625]",-7.2698082211099875
45,7899854903,35.6430269,139.3070757,2.988593979432356,3.5584476574948227,"[3.2928324574586405, 3.2816127050890005, 10.216387322544081, 3.2271420421049304, 3.13181916499569, 2.850471085470447, 4.246657425486761, 4.238834462065633, 1.5923091905472968, 3.0418967374574573, 3.089533709730374, 2.5996467604956446, 3.5554674670718587, 3.2721779237042545, 0.06810518320344718, 3.6118563082016335, 3.6900138286940964, 3.7407444795009956, 3.3621404262134647, 2.3295019887202595, 3.6976655866600683, 3.5008699361119655, 3.796731521327737, 7.105617249766847, 1.5248375574022817, 7.04037598613144, 7.470727722689974, 3.459023000967205, 3.5097026597692844, 3.275984940534281, 2.445180599370551, 1.8153240853944845, 1.7676846533456718]",-7.2693451808496
46,1566550606,35.6451157,139.3112292,3.051688946767519,3.3827204391114285,"[2.8518822604329506, 2.8404431732266113, 9.8431062430312, 2.7857577831017557, 2.6968937871998304, 2.416072609544447, 3.8628951535723344, 3.8582672396654516, 1.3188891684166923, 2.604361626833708, 2.6507185818923547, 2.182296285563879, 3.115332439270223, 2.8309846353220878, 0.464751249318301, 3.1712449971680794, 3.2497472925607664, 3.3005436097157226, 3.2720115803451733, 2.1957911644425487, 3.2957228999166777, 3.0590681268977575, 3.5309781897751744, 6.8758709604796335, 1.1913414458924232, 6.731338360406856, 7.2419021771789325, 3.017292711041431, 3.0679740597745115, 2.8345819917549195, 2.0388027222791636, 1.4954198838971469, 1.4658156762020207]",-7.26961599430348
47,2526202855,35.647928,139.3149313,3.0940141213421244,3.343942081413829,"[2.3984315122639672, 2.400195150456973, 9.520884022482289, 2.3441683744377624, 2.279585478117054, 1.9580619267115407, 3.5393638096949362, 3.5399171969366723, 1.0656294145199694, 2.1794631724150433, 2.194104350019555, 1.7325094526259817, 2.679807932920853, 2.3906033669132984, 0.909539051176308, 2.733524540786913, 2.8134752586485487, 2.8644852474746267, 3.1503137943255313, 2.2361048336845313, 2.8552431970234986, 2.6102137673264356, 3.379546772935976, 6.7448266884564, 0.8653573663048092, 6.502035066329545, 7.110628805701141, 2.567455864095721, 2.6180980081479426, 2.392796431570166, 1.5985575010614332, 1.1681778353847223, 1.1638569170957034]",-7.269907467749688
48,318276116,35.6418837,139.3077283,3.1262089569766833,3.4424794096575275,"[3.3200481697053448, 3.293687078063221, 10.157991169949845, 3.2405341599609923, 3.1282242420376565, 2.892944243917224, 4.197295584809948, 4.1876765935203535, 1.7045743241762386, 3.043301810893284, 3.1236523846564355, 2.659960026772881, 3.5629798587049484, 3.2843906365238786, 0.20461394253276038, 3.6210544815214596, 3.69785090800956, 3.748306350675082, 3.5004835786838617, 2.2088237645509214, 3.7690099847149723, 3.5213433656331254, 3.7015116808055377, 6.9982355475504185, 1.6215609361352903, 6.955752234385837, 7.362982571861148, 3.480783541172273, 3.5314493292098996, 3.2894483180666336, 2.5131550877860853, 1.917180419158158, 1.8741340228235912]",-7.269310188786534
49,2526202862,35.6487939,139.3166616,3.1644594581901093,3.3093946677426644,"[2.2148292490999704, 2.217487491755001, 9.370597840374277, 2.1612405321600496, 2.1027448489854037, 1.7783891854404097, 3.392770796111373, 3.3952208930285677, 1.0417935667291518, 2.000515113487735, 2.011588986235602, 1.5658775581852535, 2.4979487355047234, 2.2078741797934476, 1.093283030038512, 2.5512072084542976, 2.631424304012703, 2.6824644794143526, 3.1556722016725565, 2.2420562205850554, 2.6952149978587707, 2.4264373849902396, 3.2998462560214668, 6.6657181425772505, 0.8079084965093443, 6.386091023331305, 7.031049707730821, 2.383652243935001, 2.4342935274758157, 2.2098256478514147, 1.4415418320739573, 1.0976971669134383, 1.1087975886572983]",-7.270020060475219
50,2681806878,35.6587708,139.3221736,3.1836686099765883,3.9769431874137244,"[1.3375260937676359, 1.5203616139829155, 9.021325612466477, 1.4587895807095972, 1.6316845012629968, 0.7854248992645472, 3.2362447043093625, 3.2594569743464437, 1.0239775687847301, 1.4920702624315885, 1.0829329276493418, 0.3992679798923424, 1.8077453957738752, 1.5108904386228763, 2.2136754142081165, 1.833724851730822, 1.918561806156083, 1.9661095841155602, 2.738527878356364, 3.1440775586787004, 1.4857778225567635, 1.597790426921542, 3.7078724365048057, 6.968538771765101, 0.8413576923000747, 6.411422715429171, 7.324680168474362, 1.5459820280435348, 1.590564781327932, 1.4970412439096357, 0.22852143126476293, 0.7532070055585444, 0.8539115533634601]",-7.270759148448964
51,1457016448,35.6489924,139.3174688,3.2128772125240515,3.2790588237206038,"[2.1421637243668283, 2.1419529488297675, 9.299232171680789, 2.085847469867649, 2.026434705496476, 1.7110509488494654, 3.3227795082648415, 3.325772195651144, 1.0606636993650014, 1.9241790716825444, 1.9409320325137054, 1.5091754156862287, 2.4220470029102836, 2.132352273862703, 1.1668228919248227, 2.475478649270043, 2.5555900999434193, 2.606619850323409, 3.1802004744998666, 2.2293540860243573, 2.6419357492551674, 2.352319155179177, 3.2523272980008984, 6.617390013583715, 0.8149861513734581, 6.325109129788658, 6.982500793173245, 2.309776410770077, 2.3604329151240724, 2.134463994714187, 1.3915303404223944, 1.0957740992058447, 1.1138067343586695]",-7.2700617587548235
52,682072367,35.6389033,139.3057794,3.3116530523409815,3.4482061762747422,"[3.6643897300420485, 3.6208802744318036, 10.34362837124222, 3.569492760105364, 3.4345959684860796, 3.2516356972402294, 4.414295705360516, 4.400570496460022, 2.064570041803495, 3.3571473629426007, 3.4749963347041666, 3.029785830437272, 3.883631269248352, 3.6117799218581292, 0.5082950152554864, 3.943792987259356, 4.018623806654399, 4.068601639221188, 3.7765679563909322, 2.2040407690175017, 4.142368713405466, 3.8580452378970085, 3.790854840511888, 7.02994888462035, 1.9929652064224421, 7.0702774024714365, 7.392562328999636, 3.8190068455688397, 3.869563904417167, 3.618372177696948, 2.8859297503376595, 2.286002532392696, 2.2396634264107558]",-7.269077702471726
53,2526202873,35.648568,139.3185566,3.3210887902009283,3.180340134698004,"[2.090539933192079, 2.0747099810061354, 9.197670718782138, 2.0197524696920497, 1.9446989397471237, 1.6787263955138447, 3.219424566023934, 3.221803313956634, 1.1552909588095563, 1.8462403695936163, 1.8973639376109463, 1.5041966952667432, 2.3512681123304358, 2.065219171866917, 1.2291175170051614, 2.4063317905448423, 2.4854057929124798, 2.5363032456034618, 3.276752539724084, 2.1456936774180395, 2.6416159427917045, 2.293720084631821, 3.1447599071217387, 6.5094699458867575, 0.9017098311742692, 6.21636326408897, 6.874513839553713, 2.2524460770861636, 2.303128517469035, 2.0685534582648124, 1.4006739106894588, 1.172785822765154, 1.197225309363505]",-7.270081488977586
54,2419567082,35.6559066,139.323224,3.3571450120916624,3.64878629319956,"[1.3176519482071491, 1.423334525195428, 8.871053534561874, 1.3616098023756864, 1.4572985749591887, 0.8157922743266509, 3.0147225302050114, 3.033656803294229, 1.1068229657364972, 1.3236830283499215, 1.0830284421628364, 0.5874422174636271, 1.717054142629499, 1.4134519495160236, 2.0492106081852204, 1.754630580912492, 1.8396860778569608, 1.8897256710070964, 2.9983333608592004, 2.8150984021151118, 1.7260120079550227, 1.5611881300041979, 3.39869515088398, 6.6825057907928676, 0.862969931868971, 6.170642459358832, 7.040599235066396, 1.5122999284478378, 1.560973539704071, 1.4056555308784993, 0.5144098517167925, 0.8920685449580987, 0.9827645230363004]",-7.270648853922934
55,746654042,35.6374697,139.3049951,3.418231916867361,3.45249963246519,"[3.821579817193983, 3.7701288322395285, 10.422699349061189, 3.7196002720700547, 3.574615550461379, 3.4159311740501117, 4.512426987187001, 4.4968592201542394, 2.236011814984601, 3.5006316651327385, 3.635626536013835, 3.1998827717409153, 4.029627805790275, 3.7611270852281082, 0.6771720461647345, 4.090698861423075, 4.164556919958199, 4.2142714177039915, 3.9178390213124246, 2.211270653043235, 4.314561818817258, 4.011512677743162, 3.8324267423633396, 7.039246700345822, 2.1669522748327696, 7.117983049767503, 7.400536276847685, 3.9732147324614813, 4.023686846789302, 3.768418578076829, 3.057809365128153, 2.4594918943216806, 2.4124223740138553]",-7.268971800630513
56,1457001794,35.6441254,139.3160888,3.444753617066922,2.975160975305207,"[2.580721896652006, 2.523334108939037, 9.400973952331407, 2.4726604428280248, 2.338315239127935, 2.2028108145788594, 3.42528955495842, 3.4187987035723744, 1.4991061675214725, 2.2586650420171663, 2.4043766712336163, 2.0452413772437295, 2.7847762756777352, 2.5143070521560924, 0.8695521328336149, 2.8451080739558305, 2.9197659158366887, 2.9697252854401457, 3.5672042193734317, 1.8277537358117075, 3.182833251009693, 2.7656325308626744, 3.0855442664451096, 6.437859315378658, 1.29820685750909, 6.277837507192743, 6.803971416537408, 2.727973634025781, 2.7783465793945124, 2.5214844701911265, 1.939840028680318, 1.5988154168343693, 1.5977245719945459]",-7.269751864151894
57,1457008751,35.6455829,139.3187657,3.527911855359885,2.9165089561061572,"[2.2938056970104146, 2.2320252057492467, 9.16227452903364, 2.1815095826637414, 2.049145227315903, 1.930221617065952, 3.1804094945150525, 3.1767561247729468, 1.4457844922232577, 1.9679696982016277, 2.1225278018579328, 1.8006985389082648, 2.4934507460488335, 2.2230127174235017, 1.1338035580129433, 2.553704173677374, 2.628443780416301, 2.6784347872853904, 3.5572453295561677, 1.8380808329021647, 2.939137619395385, 2.475690882423923, 2.947884977858255, 6.31236718760616, 1.2088002625284742, 6.091064322860844, 6.678245455927747, 2.4384761406178166, 2.4887737624347017, 2.2303169501274676, 1.7131533927462377, 1.4918800679962478, 1.5086906355121494]",-7.26993226607623
58,9974943839,35.6338785,139.2985114,3.5760284917279277,3.8998392167711775,"[4.527031288710607, 4.479628492219445, 11.038285282655307, 4.4289305580502205, 4.282935979601099, 4.110860322578122, 5.173066996009502, 5.1544389060078375, 2.806600088786017, 4.2099740704366315, 4.3370727678097145, 3.8755690150702367, 4.739278788106499, 4.4706100487732945, 1.2857167860731722, 4.800382461061649, 4.874200784225691, 4.923892812413399, 4.24738827374184, 2.693807635713238, 4.974528152473504, 4.719627362847089, 4.3772163849696755, 7.47418513298067, 2.7809310372747507, 7.662795850853239, 7.829952973608283, 4.680917317035618, 4.731441877084501, 4.477765083772493, 3.7226804297445155, 3.0575648108695384, 2.998084665582479]",-7.268531635751103
59,306328206,35.6386767,139.3107902,3.576889241982661,3.028017659275245,"[3.346289332636467, 3.2712093534672166, 9.891413742720198, 3.222979333392808, 3.057398174486058, 2.9744858291587777, 3.971672953779993, 3.9565822899902887, 2.0334011768031837, 2.989757953890275, 3.1747934061106196, 2.8031257411088264, 3.5227091523079115, 3.2624746754277933, 0.6550416427634916, 3.5856200345008147, 3.6572593660369845, 3.706341172180868, 3.9238951023767714, 1.7863594948374317, 3.9363637070327173, 3.5234255750555543, 3.3418057875910963, 6.600596943947958, 1.9029031897777156, 6.618123267296271, 6.964214608221821, 3.4874794611350812, 3.5375531246031673, 3.271510548928171, 2.6836507679205925, 2.2082914894500476, 2.1809716608773306]",-7.269259670495572
60,1566550425,35.6410635,139.3152068,3.6257611209268266,2.824272683065319,"[2.8780191397415287, 2.7940711934589775, 9.482300113568385, 2.7465378045860764, 2.577680843211704, 2.526188293620373, 3.534330498075662, 3.52229911779994, 1.8075699857729024, 2.510331993524165, 2.7142411639584267, 2.3872636089371007, 3.0437094230314536, 2.7854158882992577, 0.829563564861189, 3.106921324821853, 3.178171145720368, 3.2271520814006514, 3.831238584266599, 1.6227891607858573, 3.5257497281164154, 3.0495856099606726, 3.0294653868870425, 6.348282038358307, 1.625509262919221, 6.2742941280850655, 6.713834683319222, 3.0145616281056506, 3.064428377416403, 2.79494687846757, 2.2866761374816393, 1.9296457850204005, 1.9215966993050895]",-7.269556370089412
61,604334551,35.6500154,139.3237566,3.649016189009584,3.0470511704658527,"[1.627149962238259, 1.5848230796649243, 8.740818278182966, 1.5314041061543255, 1.4474775385339254, 1.2733808513951392, 2.7775577380132037, 2.784488756793039, 1.3855432610628096, 1.348854422339608, 1.4551593208303308, 1.2055231609625054, 1.8574290698347822, 1.5754824667006773, 1.7225705668492728, 1.9138985459865492, 1.9919493205930618, 2.042690459616722, 3.4647911975024868, 2.1624890773792336, 2.3282601312970175, 1.8157686188630053, 2.8839098970319803, 6.224148904376002, 1.105488161740073, 5.839110116328455, 6.586749156981442, 1.7768763754448178, 1.8274000272936253, 1.580316230238032, 1.1678678746785787, 1.2929868300375738, 1.3525040023213815]",-7.270358998513869
62,1457058042,35.6622917,139.3281963,3.666785630258007,4.156394548489875,"[0.8231272910444755, 1.1166083652388812, 8.576372707139514, 1.0636554548966097, 1.371497442304073, 0.34286459752871784, 2.9928718343390535, 3.0263668305401175, 1.6576996734807596, 1.2375533389293991, 0.5804355085193976, 0.2723998131545147, 1.3633172295474008, 1.1091349198680533, 2.8678998918307266, 1.367387074800747, 1.4459852558409843, 1.4864554992199794, 3.049930640276088, 3.489914467739625, 0.9084773667760585, 1.08175603225075, 3.7525866672650103, 6.874783790500452, 1.5047820825053957, 6.174916587771704, 7.2214384450729865, 1.0300912744908657, 1.064410138011892, 1.0857707763455795, 0.4702003864537466, 1.3667728379134094, 1.4670140422219389]",-7.271177768566214
63,5126440846,35.6491163,139.3234049,3.6672614200318105,2.9774599399170083,"[1.7193891760713176, 1.664201858928679, 8.76419347863537, 1.612162260100322, 1.5087237400841473, 1.3759950420115874, 2.7920702570516767, 2.7968270808334066, 1.4185274094555178, 1.4160710027300938, 1.5527566611258128, 1.309154787253162, 1.9321668254623536, 1.6550099726211813, 1.6532860260596864, 1.9902663428213074, 2.0670163642845, 2.1175014304464694, 3.514202209056618, 2.0705996648560374, 2.432910713539806, 1.9022210836655682, 2.8396215748220692, 6.1885496861888605, 1.1402033057911347, 5.829599272691327, 6.551888307279899, 1.8644636388511795, 1.9148372656010146, 1.6610636403727528, 1.2673471816587274, 1.3460342050367657, 1.399823689143826]",-7.2702980057350075
64,313758917,35.6577859,139.3274583,3.674505897305441,3.698155130602116,"[0.8877155426527811, 1.0340574519711294, 8.530685674869176, 0.9721708624590233, 1.1464948900159537, 0.3831353065358173, 2.7640058772568796, 2.789669636591937, 1.4860889416059913, 1.006113973929855, 0.6476074352054259, 0.35866512102326137, 1.3243234735701068, 1.0244437112414166, 2.475119030775392, 1.354336076570162, 1.439562801907511, 1.488232219918487, 3.2043773875131274, 2.9903735036578167, 1.4106631274702213, 1.1383006069388826, 3.3478614355813123, 6.551485540804154, 1.268046350555284, 5.946655183672581, 6.904248740231649, 1.0880387709193549, 1.1354911642409822, 1.0121263455472977, 0.47307011243106334, 1.2327592507415912, 1.33169688658952]",-7.270911753558521
65,2453000493,35.6413013,139.3162944,3.6749601133979004,2.7607992943620774,"[2.7921185521562806, 2.7019650412451117, 9.38326585317033, 2.655088260703957, 2.480878675730291, 2.450410327369756, 3.4332073656326876, 3.4214072114612097, 1.805020314168006, 2.415243055211378, 2.6325617401688755, 2.3246800867616604, 2.9493526855355934, 2.6933882509025486, 0.9162746460526626, 3.0129994356238017, 3.083652909815744, 3.1324533670050583, 3.851777966979485, 1.573248978773873, 3.4633411181127745, 2.960087693795206, 2.945710601176988, 6.272368774915528, 1.6106232361930564, 6.183782594781205, 6.6381144197918385, 2.9257155254866034, 2.975424266184641, 2.703374480304059, 2.2311159821573177, 1.912123010162773, 1.9093951148730104]",-7.269610990504192
66,5535988382,35.6454147,139.3208172,3.688091285506577,2.779959969905213,"[2.178863702462473, 2.0949923164055053, 8.975988875913426, 2.0467226620473133, 1.8930464352926957, 1.8488073378139478, 2.9945000224628355, 2.9905483015950494, 1.55923904144104, 1.8183762443051528, 2.0215964600897607, 1.7610873468348067, 2.348869471304104, 2.086238966715763, 1.312824563034586, 2.410949195405493, 2.4836617641060155, 2.5331118930533973, 3.679631859917622, 1.7438380860214886, 2.8939472628040925, 2.3487031659538506, 2.779539094188001, 6.145437152122909, 1.3070192263951435, 5.908366791536055, 6.511112829502318, 2.313680749168953, 2.363533636246963, 2.0952424220204713, 1.6951263556224705, 1.5743499440648616, 1.601717340933819]",-7.270002791664296
67,2589974572,35.633394,139.3015524,3.7107704696621027,3.619303150292934,"[4.355681470601488, 4.290897896483331, 10.769190983872948, 4.241966973741045, 4.078545594886799, 3.960150057340755, 4.9207115814125935, 4.900748101329727, 2.757688456318524, 4.01133447983859, 4.174989997994491, 3.7489992577118825, 4.544050090724955, 4.282085376149727, 1.2025591091123295, 4.606727204295354, 4.678656124098628, 4.727800472116048, 4.320132917599519, 2.4138700182918424, 4.863567175809725, 4.539349354529916, 4.0998009500193655, 7.194569880406513, 2.7045404751040527, 7.384368869550088, 7.5506307379082225, 4.502339460100547, 4.552620313163402, 4.290608086218984, 3.606964259178974, 2.9923607755372315, 2.9406161619053117]",-7.268623784379849
68,8977622274,35.6504317,139.325864,3.800384535657097,2.997874720620975,"[1.4595855685221755, 1.3979516279548878, 8.55511453096142, 1.3459262816750206, 1.2513954655461845, 1.1477035300062692, 2.6000281965822594, 2.608812517421818, 1.5247890341678751, 1.1541775806568393, 1.303019993795403, 1.1441768285987373, 1.6667798662709947, 1.3887547501111976, 1.9154279183666783, 1.724449679080258, 1.8015494466643105, 1.8521188188121862, 3.5707271388526856, 2.182703692302724, 2.2390284973382264, 1.6374370940672147, 2.7826776541170153, 6.104234910436424, 1.2451547013447306, 5.683597808602685, 6.465490411118129, 1.6003280055583635, 1.6505868359075373, 1.3948245265439174, 1.1421736026510205, 1.4021535685615012, 1.470775424994155]",-7.270462490484027
69,649251488,35.6405437,139.3178828,3.836025543176473,2.5955156787492206,"[2.7636156106175633, 2.6528739764960587, 9.241486370855172, 2.6085234688902785, 2.4124596304160915, 2.4505150066628105, 3.303064475067804, 3.2895106214445193, 1.927357817789681, 2.3548724657034263, 2.616697875752721, 2.3548508457333672, 2.890939388244328, 2.6446090380621055, 1.0779144743015252, 2.956253284384832, 3.024341896007792, 3.0723093256695795, 3.993539911635807, 1.4149913146198432, 3.491066239476235, 2.919702564109188, 2.7817440761452126, 6.105998185099211, 1.7196989698635587, 6.025212886589405, 6.471720527245164, 2.887578367065529, 2.936664042671098, 2.656250476818433, 2.2754248341956953, 2.016569009947395, 2.020397122801906]",-7.269632533500012
70,10264236040,35.6573827,139.3304147,3.945592538034831,3.5780927541144267,"[0.654442221780654, 0.764717473012536, 8.259380807505456, 0.702714567681102, 0.8852602277028918, 0.2902504215404497, 2.5116504222369236, 2.539334217520103, 1.75176339688946, 0.7445315077181197, 0.44491816441875526, 0.5559775966224866, 1.0564754259991451, 0.7550190194662114, 2.659450011430533, 1.0892387284060407, 1.1745189931303976, 1.223847380302633, 3.4602077414776065, 2.9532062865763002, 1.425276961796288, 0.8906621348672752, 3.1763561277763817, 6.334836666182357, 1.5256652336111802, 5.697584261953021, 6.685098130836803, 0.8424713536432226, 0.891711388038854, 0.7438626112018234, 0.7198707771133652, 1.5028743836230127, 1.6013462163347012]",-7.271004912813326
71,1457016799,35.6494267,139.3272372,3.960520779968768,2.843489902087629,"[1.4658085473120739, 1.3630370809683416, 8.421105927015805, 1.3154668453347613, 1.1734496407088222, 1.2133532536815654, 2.4557001661633033, 2.4625916837834185, 1.6877660398654628, 1.0902153248206714, 1.3347155860337419, 1.2618530000086121, 1.6176248692747257, 1.3543451813014258, 1.989860960944169, 1.6791202191089396, 1.752536933690937, 1.8022404210952903, 3.7377494245744805, 2.0636789375045446, 2.3286736957163066, 1.6215610303744632, 2.616378876006615, 5.937356430093483, 1.407741192899824, 5.524310478973409, 6.298687297954429, 1.5884754288248577, 1.6377952990503744, 1.3638373891703188, 1.279253773223482, 1.5690209271886253, 1.6370778289146148]",-7.270462667611639
72,268015249,35.6382844,139.3185091,4.055281079349171,2.4026496475766144,"[2.9315084315309448, 2.795864765807279, 9.195508778539983, 2.755056996651306, 2.529868586740256, 2.649679371987982, 3.297303388944178, 3.279341500704539, 2.183167791510203, 2.4843542578611593, 2.7992220313194296, 2.5793591509545655, 3.020013043632067, 2.7880551994801395, 1.2272041017509605, 3.087353373071638, 3.1515276584813563, 3.1980987468267874, 4.2413213623112345, 1.1934166253962628, 3.711257919460623, 3.072603314319272, 2.6524830554204777, 5.944499940679167, 1.9767116619807186, 5.921490616061646, 6.309487462712005, 3.0434147218668786, 3.091520635783268, 2.8017996418074405, 2.5096758828485144, 2.273388144673438, 2.277400700536102]",-7.269537705213561
73,3861083621,35.6553131,139.3328789,4.216029439800333,3.302724932198206,"[0.6373099346785127, 0.5818731121053932, 7.998016268530412, 0.5244834348769788, 0.5900436695064764, 0.5542402286205012, 2.201753045679513, 2.2277365137539604, 1.9832908437195964, 0.4518095971005038, 0.5418063862384913, 0.8757449677280511, 0.8690192719043672, 0.5721312787440824, 2.7259342520914847, 0.9177172349429242, 0.9999290638449149, 1.0510450101231559, 3.766678024429733, 2.7510550606309296, 1.6667533688253457, 0.8027746548360273, 2.8705335298161616, 6.0147546317243235, 1.7372706791494907, 5.385280940834556, 6.3649223148752485, 0.7656348199651726, 0.8158320002786751, 0.5729109068475848, 1.0306555671023656, 1.7558018589571915, 1.850754071513069]",-7.270991205466546
74,5126440819,35.6485443,139.3298647,4.217413225836911,2.6597607231769986,"[1.4250754112165522, 1.2621146606753133, 8.176032881331103, 1.222683130755646, 1.0125911194531274, 1.2719388847534259, 2.2043286754669826, 2.2099238245551502, 1.943155536642282, 0.953469795689864, 1.336929359261858, 1.4013024917677241, 1.4898043927454045, 1.2544273590717332, 2.188284494976721, 1.5559162067183088, 1.6227806420753692, 1.6705167995548942, 3.9804781543380976, 1.9716836405737852, 2.406838421944692, 1.5435414888406314, 2.385756824868032, 5.691861891339183, 1.6633879852859152, 5.267131134493876, 6.052417417388345, 1.5172432350489544, 1.5641344687757257, 1.2688737636715763, 1.4513783229862594, 1.8164876424022536, 1.8873341450691619]",-7.270517845135371
75,5126440815,35.6489248,139.3304007,4.243451670698115,2.682154020117775,"[1.3659027943453947, 1.1985813353296955, 8.130966962736567, 1.1596011350945834, 0.9487138738439314, 1.2277064015474324, 2.1638521193447944, 2.1707947793488276, 1.966195495910979, 0.8891459416615867, 1.2832247427580046, 1.3742966086287578, 1.4254839451334855, 1.1909467748045002, 2.2462659588546376, 1.4916294554933238, 1.5584494021172952, 1.6061872864773952, 3.9897918038035867, 2.0183667427280043, 2.3636408231541965, 1.4810548654173705, 2.3877939729881144, 5.6823650698299515, 1.6871344285877627, 5.240484528249148, 6.042210390202193, 1.4552502005985675, 1.501924553207187, 1.2056276146596585, 1.433351185354696, 1.8308107777040354, 1.9040489171919248]",-7.270558639812118
76,10271778791,35.659431,139.3346661,4.284464519803013,3.724185553586641,"[0.21028553528635432, 0.4510606993320923, 7.931380680363503, 0.40052069247979094, 0.75122600055003, 0.36272637148067155, 2.3410122973653023, 2.377053995057744, 2.1531340475968923, 0.6343154721973506, 0.09505423410438245, 0.8104932581356386, 0.703427403119704, 0.4439153829150708, 3.1050420457686, 0.7158959718761585, 0.7984290281493339, 0.8431324785506802, 3.7115858670498922, 3.2291248690949512, 1.25126272829506, 0.4644847586761412, 3.228660625022855, 6.255785577122872, 1.9441314128120635, 5.516225535232748, 6.598003252528234, 0.4130184343019368, 0.4590423984067603, 0.4197937269844953, 1.021344214145063, 1.886734470645858, 1.9874781846891145]",-7.271277380489086
77,604334562,35.6483522,139.3307385,4.298036873364396,2.612000705348236,"[1.4112758475334015, 1.2295809618840716, 8.095523856507324, 1.1931844921113515, 0.9613822959301316, 1.2909015061395026, 2.122800828857741, 2.1282007676493535, 2.0228350657942222, 0.911363374117048, 1.3376188484930764, 1.4441056727911938, 1.4469659364286276, 1.222287582314107, 2.2595920056134586, 1.514312291114765, 1.5787509099181631, 1.625667778886374, 4.054268847461401, 1.9588266571566784, 2.4270536616650684, 1.5168621696083233, 2.3190622356743655, 5.617756143892638, 1.7432528129558496, 5.186230769708837, 5.977928410542279, 1.4929280586440392, 1.5387751538086525, 1.2382888624876336, 1.5038636080694896, 1.8927049185350138, 1.9646419932188597]",-7.270541536111963
78,5535988408,35.6316234,139.3135622,4.366820479707474,2.5153499692173167,"[3.794675011874042, 3.6501001928626664, 9.71074230269322, 3.611162704558681, 3.3684137219072525, 3.5096743622261664, 3.955284304674182, 3.9288036699569564, 2.8248127488886565, 3.331713614026012, 3.663373241149042, 3.4176026442294813, 3.865005382844518, 3.642547194800189, 1.4582435200374648, 3.933541229647415, 3.99470900882582, 4.040075849918792, 4.745635644995284, 1.3122089307268696, 4.554749677766252, 3.9310074665989427, 3.009730516658467, 6.09585241844778, 2.6671914502070946, 6.287367001416832, 6.45345876963833, 3.9030280565599713, 3.950695528758209, 3.6573241774376704, 3.33129752673346, 2.9733534655548017, 2.957101237465821]",-7.2689952335825865
79,2452333437,35.6409308,139.3277273,4.486914575195566,2.0031118293107464,"[2.276793756928864, 2.0708315325695175, 8.349009743565471, 2.040991304477406, 1.751230637609615, 2.1316055860912, 2.4181979625092396, 2.4024525452111223, 2.335343293798174, 1.735007370919135, 2.2026134782067364, 2.2048122570332476, 2.2549725058633685, 2.0644838534474035, 1.9405055781847167, 2.3255372141417987, 2.3797265431547228, 2.42245908145318, 4.456088862500486, 1.1201368687467816, 3.2613771233958597, 2.3671332210109237, 1.9867904471772364, 5.350546917908834, 2.0701679831001623, 5.167828800163047, 5.716446002367615, 2.347269145876738, 2.39119314913453, 2.083515701760209, 2.2094550755077274, 2.311135000131748, 2.3529490134331987]",-7.270033899864114
80,1457025079,35.6510927,139.3359637,4.620501307613237,2.7917704966537613,"[0.9970451539071211, 0.7301177584066271, 7.653637747755245, 0.7098216329682376, 0.4049076786030335, 1.095187362172367, 1.7446383800026972, 1.7625976263565324, 2.347247569760881, 0.3872028006951214, 1.0154763468805743, 1.4084101648552994, 0.9045719617924831, 0.7249397967125553, 2.797965861819386, 0.9745733771381992, 1.0320638376906537, 1.0767624595059218, 4.249857084197252, 2.35976662181755, 2.176409199688874, 1.0327011513686342, 2.327625961505108, 5.482238446461304, 2.079000798565757, 4.903216109965805, 5.834533006632455, 1.0204791352088662, 1.0598875588704906, 0.7473203287453598, 1.5422869124311103, 2.159880452145825, 2.2466482390766997]",-7.270888167201193
81,2452114425,35.6282624,139.3124062,4.635249561581398,2.5574792505543362,"[4.164594716344278, 4.009056810908058, 9.869315163490306, 3.9719633115375266, 3.7158653677180538, 3.8910650930725703, 4.206273245937667, 4.176046865967344, 3.191005759333372, 3.6855475463489134, 4.039237938398938, 3.8043476862117873, 4.2159080012063805, 4.001753474727453, 1.7666854822256342, 4.285242732903155, 4.343993429815661, 4.388375400448455, 5.069952446472544, 1.4426379610242193, 4.941125881921369, 4.293859763498133, 3.142550985542162, 6.098504304088298, 3.0423262429775635, 6.3864881896786665, 6.450584941158151, 4.267342514886897, 4.3144299982247825, 4.017490893277842, 3.718630540007738, 3.348748913786433, 3.3292841661532635]",-7.268773373597818
82,2421948174,35.6573204,139.3393813,4.743454736331012,3.4535511565380483,"[0.3790990852550875, 0.04835050635676445, 7.463035887048366, 0.10988195482473598, 0.4022662855748619, 0.8383520428611434, 1.8703121290925455, 1.9091301117957107, 2.5634446336284937, 0.36991943596446486, 0.5754932478332644, 1.281842065831768, 0.24558487219386543, 0.05826811444335733, 3.350279065951055, 0.2884004002800079, 0.37163685468643887, 0.42259149101109394, 4.195857222818583, 3.1133526814633337, 1.6348360089643628, 0.2847333535631642, 2.881316987979317, 5.8089726968633775, 2.3328955245533405, 5.035648177872045, 6.147068631912389, 0.287300998041291, 0.31574943003227857, 0.07006263743443582, 1.4844833557349042, 2.3136180402871704, 2.4125646757109984]",-7.271348622495529
83,4489768601,35.6471676,139.3368668,4.857387140780002,2.3490190250066743,"[1.4292248054142809, 1.131418084328237, 7.532850234975749, 1.1227951985552584, 0.7524896803261909, 1.5274212937851472, 1.5545455173098914, 1.5586704443238162, 2.577963832133275, 0.7927811732419338, 1.4585687343177312, 1.8061957712374006, 1.2437546949069715, 1.1280746001543673, 2.7788998239943217, 1.3154781608908241, 1.3552898399375488, 1.392247796806389, 4.568627154706388, 1.981215041950623, 2.6192785083577377, 1.4333336438691757, 1.901320977012662, 5.117172681747471, 2.3000401166145257, 4.627684006084014, 5.473715331791923, 1.4288343493595426, 1.4632200619382232, 1.1538640492524022, 1.9165021141615202, 2.428395433626895, 2.5061908450866994]",-7.270716262987142
84,705501147,35.6295362,139.3211049,4.948138744809077,1.797642391362701,"[3.67393234432266, 3.46839156999627, 9.06883347798673, 3.4397046559786086, 3.13727913897261, 3.488964900053211, 3.4465747697908844, 3.413133407462904, 3.1799047124854356, 3.13010097787845, 3.5878929027253226, 3.489270341683729, 3.641661784272287, 3.462241051801343, 2.0310945661854998, 3.7129192866892553, 3.7625847203197345, 3.803145803917539, 5.215725949210214, 0.6425321771292024, 4.597082974639055, 3.765914662339451, 2.3429907737060796, 5.374759906782501, 2.975336377382848, 5.598074621989797, 5.732142215537215, 3.7465094598723128, 3.7902410843578065, 3.481785212955511, 3.4464465184620403, 3.271165600818437, 3.2760870300238754]",-7.269177128437336
85,9534755267,35.6462887,139.3380905,4.998424799430772,2.2388961704477928,"[1.530791966159725, 1.2164617690782835, 7.416724826863654, 1.214087960128805, 0.8275550864456102, 1.6600012062031868, 1.4341657282104647, 1.4350334220968854, 2.719966513828117, 0.8873419821777713, 1.5768091889882145, 1.949054105573665, 1.299422459483136, 1.2140934253490026, 2.8762281912048384, 1.3704723713390201, 1.4024100391620278, 1.4356293594685476, 4.715895197629462, 1.9419930438722794, 2.739660398872534, 1.5142070568677044, 1.763768041618941, 4.969657422316063, 2.4414846367964764, 4.485715037214712, 5.326130778670627, 1.5140533706262373, 1.5452812277039818, 1.2412518902646317, 2.0622864463103436, 2.573727702816588, 2.6508090121381445]",-7.270717300175407
86,682072642,35.6345615,139.3297412,5.073849917144139,1.3466497639999588,"[2.900490062138276, 2.6476620710466583, 8.216471177361713, 2.628584522389857, 2.286279037897315, 2.8223994548095033, 2.4908700896103233, 2.459192463586209, 3.0094951466291753, 2.303637323475329, 2.8606664003532534, 2.926189775482533, 2.7835073252596594, 2.6428770296274253, 2.322335787721796, 2.8552733143569307, 2.8955918107294596, 2.9320137919403018, 5.1289760188835185, 0.44168545377279655, 3.9580516373148122, 2.9509138736348683, 1.5684605356790653, 4.848491228288306, 2.755358246504663, 4.853708717158726, 5.213807303801193, 2.9392620182230758, 2.9785120015152162, 2.6658700933134116, 2.9376713490744293, 3.0124354478847493, 3.0466721524713947]",-7.269776172500897
87,705501181,35.6293809,139.3239267,5.12106606929596,1.5443530409747124,"[3.598705588985731, 3.3733436082199955, 8.819717981743645, 3.34857739257082, 3.027869827265506, 3.451071669878012, 3.2384162847998668, 3.202864947357594, 3.278220460199438, 3.0313826389122176, 3.5295331147485136, 3.484219042163657, 3.5303545794367635, 3.367749553950993, 2.2179364320947452, 3.602014625729541, 3.6472555687091504, 3.6858334410084037, 5.3441385724218575, 0.40421698111168236, 4.572921946712072, 3.674205682323502, 2.091833786365564, 5.12550985305933, 3.0595725239881983, 5.342344429000876, 5.483763377715626, 3.6579898268507924, 3.6999793612367617, 3.388809220181361, 3.4572715618358854, 3.3483798431969123, 3.360705824746563]",-7.2692781432171225
88,746664329,35.6297035,139.3273277,5.2965295580585705,1.2569397208636284,"[3.475858344434227, 3.2282047404315954, 8.510073187501321, 3.2082827024153215, 2.867923574163571, 3.3740219605694857, 2.964014600774702, 2.9263433113957595, 3.3675719687568977, 2.8842506842587627, 3.427325000353032, 3.44657981492902, 3.3649754878376252, 3.2233106873929125, 2.4238055284817066, 3.43673573220382, 3.4765328213678868, 3.5125925014581827, 5.461936824353002, 0.14048832645990478, 4.506342762847529, 3.5312871642320487, 1.7818222398366257, 4.844235832191309, 3.133537743617539, 5.034633982068155, 5.20431038063771, 3.5189510416001197, 3.55864229518521, 3.2460464358972443, 3.439035220870658, 3.411513978916569, 3.4327658363815505]",-7.269426757422436
89,674918106,35.6518159,139.3442075,5.307940774349273,2.86074958229389,"[1.1300240531757817, 0.7721074065350145, 6.9238388739287, 0.8121604623456299, 0.5086164786205922, 1.5211517293037822, 1.1346889026777232, 1.1691713848617848, 3.055006503539577, 0.6492203054848876, 1.302729752010773, 1.9342491355919698, 0.6635064464616582, 0.7768274324900256, 3.536887880147197, 0.7189232479188311, 0.7101064900841684, 0.7238310014224352, 4.853029752383409, 2.7509761784022713, 2.3822721349974807, 0.9796109143056625, 2.203872419192437, 5.058192369275688, 2.795517348544205, 4.3184358984739735, 5.396978420976781, 1.005961938717311, 1.0130919786889578, 0.8052223784386068, 2.1126886121107344, 2.843559421604769, 2.935989481461965]",-7.271245301534694
90,1120946980,35.6338829,139.333017,5.347606586233558,1.0898792838048184,"[2.923996619124273, 2.644375703013261, 7.930930254113135, 2.6322636790655425, 2.2667684190335486, 2.903773374846768, 2.2760614007868423, 2.240012078932806, 3.244805811512542, 2.3025904145604352, 2.911003563582578, 3.049953848884469, 2.7499895681854607, 2.6406268682635314, 2.6235891391270934, 2.8212206190190705, 2.8533307818411036, 2.8857990228950974, 5.366632273262465, 0.5650545819238614, 4.038043348447461, 2.9471344345295454, 1.263298636373355, 4.54915413721041, 2.9833424504377164, 4.550056893173267, 4.914759062166987, 2.94085700454937, 2.976583615628992, 2.665645558231271, 3.0813422780988757, 3.228023974809976, 3.268684237925007]",-7.2698671784416335
91,674895503,35.6297234,139.3307704,5.510345899283866,0.9659964081056738,"[3.4096209229201824, 3.1390837089093226, 8.202688724647338, 3.124789205653577, 2.765173680431804, 3.3578121698371444, 2.7157053814475685, 2.6751387220857406, 3.5131616739641442, 2.7960650522455937, 3.3839169620968503, 3.470411285559057, 3.251685866673077, 3.1350211385117275, 2.672168606132124, 3.3230559412336844, 3.3562966756730113, 3.389201757787311, 5.624605546079373, 0.2784059964903696, 4.493963606512635, 3.4423632931567063, 1.47368605957233, 4.551380337413281, 3.2670028193400373, 4.722846072648545, 4.912847080827154, 3.4344569551215067, 3.47130151241503, 3.159458670956798, 3.4823868118429817, 3.5329616633709167, 3.562252444935117]",-7.269561033063981
92,285743594,35.6221968,139.3273081,5.936468310246134,1.277473215464168,"[4.287996199437796, 4.025809097743028, 8.694427324127025, 4.009737531982289, 3.6548771224855097, 4.20426340358078, 3.517642134799662, 3.471960208762664, 4.13213638256189, 3.682155885643503, 4.2498910200113205, 4.278910863667425, 4.143204433536078, 4.021497460082744, 3.0169028268665152, 4.214633380949646, 4.248284430657072, 4.281248853921445, 6.193472118755748, 0.96089453597306, 5.337740239460895, 4.32928310448943, 2.07641070965504, 4.641356291809186, 3.9123175718916596, 5.093651725962639, 4.985768340301032, 4.320014795110769, 4.357776620608161, 4.045439504853256, 4.268302608185476, 4.199461635133318, 4.213343989427881]",-7.269030395938369
93,1097623168,35.6335099,139.3429839,6.089847554207946,0.8401863922231746,"[2.9963276373315693, 2.6587050428186587, 7.042381947914185, 2.667726509783228, 2.268042557200824, 3.1406814650930746, 1.6402048881053652, 1.590969340940432, 3.891674034492641, 2.3535637171184187, 3.0605820918741937, 3.396369152442544, 2.667276748660788, 2.658258646060863, 3.4813845124077547, 2.73182373198308, 2.737130142368717, 2.7555117374699214, 5.991499511599849, 1.3877727633402668, 4.223684205641364, 2.938876139763902, 0.3798082033216246, 3.7424168632356647, 3.6160006345798634, 3.6491993933519904, 4.10821118680147, 2.9486969476912277, 2.971908177112723, 2.687235481537202, 3.480953314171321, 3.8200822553841745, 3.877644319355676]",-7.270233224226947
94,1097696216,35.6359333,139.3460969,6.1790206343322405,1.1911910790475893,"[2.8033711413748343, 2.452677238292582, 6.727332550096938, 2.4695903723878447, 2.071203063398131, 3.0103395421098726, 1.2573805870649997, 1.206660172736477, 3.94010180445803, 2.172865171532441, 2.8964962798810294, 3.3070249965098735, 2.424583192270271, 2.453516458599629, 3.679798374189135, 2.484992750061448, 2.4805656715922457, 2.4935325282199226, 6.008800464644327, 1.7325247400060775, 4.053289434026257, 2.7166805476133646, 0.4337616831619328, 3.6678596801319867, 3.6607046293250853, 3.419583061338818, 4.030376427260599, 2.7322894388145946, 2.7502638213025983, 2.483134276666782, 3.4135796168649253, 3.839937048431556, 3.905594844559356]",-7.270481405432551
95,311308050,35.6321013,139.3446418,6.302577982999443,0.7526752494377221,"[3.17991521537397, 2.837375177910213, 6.919352806561469, 2.849079274914174, 2.448925392946551, 3.341060854643162, 1.6882857952455923, 1.6353502108608162, 4.107895311599531, 2.539712518353471, 3.2527387485985524, 3.6045127345731673, 2.831827017287016, 2.837370581996016, 3.674711091082086, 2.89468658149168, 2.895586764940339, 2.9114222207421783, 6.208235303777732, 1.5124334487695834, 4.415280967354284, 3.112157705633275, 0.1941574464255027, 3.5322689546841297, 3.8324016896673654, 3.481954236996377, 3.898242007397908, 3.124159051154871, 3.1454487034170975, 2.866621391335957, 3.692178040251674, 4.036823610093307, 4.094353953119909]",-7.2702231490683245
96,1097623059,35.6288745,139.3425896,6.370236853541451,0.34994034038488714,"[3.497573728971006, 3.164720606337079, 7.171788706254402, 3.171538805420656, 2.772934571601365, 3.6155434494902807, 2.0914339574864127, 2.038267541740624, 4.229194150676244, 2.8533054074356707, 3.5511158221056713, 3.8469015879871407, 3.1806631251228077, 3.163934498603015, 3.6447665526294983, 3.245676468101069, 3.251965359397617, 3.270712628071132, 6.346156428725541, 1.337913097934948, 4.713400011744579, 3.4481985580930146, 0.5193000570428091, 3.5263923180437198, 3.9598487231831396, 3.6517584445365587, 3.891307869783619, 3.45665810592915, 3.4810501372145155, 3.1926565328335466, 3.916821288850166, 4.1849585450624, 4.234663526269759]",-7.269973679933984
97,266671972,35.6315527,139.345298,6.386278186825388,0.7338098554136087,"[3.2527434898345615, 2.9085520575441697, 6.871753981211877, 2.9212247828220224, 2.5211154916882865, 3.4200088135004267, 1.713643629943637, 1.6595428648107189, 4.192824385028972, 2.6137372333465336, 3.3286859466832968, 3.6862998857502736, 2.8978673072270302, 2.908707925210459, 3.751589640417455, 2.9600695237439334, 2.9593562154238575, 2.974247181883731, 6.293311600080877, 1.5673760056501747, 4.490800202150062, 3.1812360862816766, 0.14615357097821943, 3.4498296261644392, 3.917388156881901, 3.4173729356991447, 3.815855340946362, 3.194031458913396, 3.2146068204199416, 2.938044168199521, 3.775110266382998, 4.121894318042687, 4.179426928128582]",-7.270219631731966
98,7139650903,35.6243799,139.3517908,7.333332192589114,1.0403839346846477,"[4.182181369368841, 3.8288802207670956, 6.501149071729276, 3.847924600051905, 3.4508509668239262, 4.387508248297451, 2.33069023380157, 2.2720370975419386, 5.1671712756748995, 3.554340977146065, 4.278232113435728, 4.668383019040231, 3.782678127840893, 3.830110209626123, 4.613647326317153, 3.839524330769135, 3.8270786969173196, 3.834839905076814, 7.274900323978458, 2.2696641355349545, 5.43454689442672, 4.085199746865577, 0.9657018820715226, 2.562168101688938, 4.893837572061988, 2.866022999185523, 2.925822535241931, 4.103492834902553, 4.118899506326214, 3.85982380006264, 4.7618365714865, 5.105180908987611, 5.160518058664024]",-7.2700928861016685
99,304908457,35.6266768,139.3392234,6.297511616579743,0.1289889167127681,"[3.708899673767561, 3.3906222452618415, 7.5244299564442665, 3.391385142404807, 2.9986117561535672, 3.775248963893323, 2.45762013394828, 2.4060206548422554, 4.221407027846372, 3.0657259924953295, 3.7389279230633576, 3.9688483004167545, 3.433929511748579, 3.388878657712605, 3.497616965504655, 3.5013819556568064, 3.5149922831831764, 3.537690770492657, 6.343171781244472, 1.1152060469470297, 4.893667946031072, 3.6828846483096647, 0.9091017478902944, 3.716233332983818, 3.960674040422834, 3.965604769160755, 4.076999066952618, 3.68676092653962, 3.714949444127499, 3.416703667866464, 4.018878309856093, 4.204639277415678, 4.245973763918968]",-7.269727594685808
